{"loss": 0.4525001049041748, "_timestamp": 1669044882.7121153, "_runtime": 16.00865125656128, "_step": 2, "_wandb": {"runtime": 18}}